{
  "ConversationId": "27441251906",
  "OriginalJsonResponse": "{\"type\":\"conversation\",\"id\":\"27441251906\",\"created_at\":1720613541,\"updated_at\":1720614100,\"waiting_since\":1720614061,\"snoozed_until\":null,\"source\":{\"type\":\"conversation\",\"id\":\"2294795097\",\"delivered_as\":\"customer_initiated\",\"subject\":\"\",\"body\":\"<p>How do i create someone’s username for caresmartz</p>\",\"author\":{\"type\":\"user\",\"id\":\"667f3d333b764de39becbe53\",\"name\":\"Jessica Beed\",\"email\":\"jessica.beed@caringfriends.com\"},\"attachments\":[],\"url\":\"https://caringfriends.caresmartz360.com/caregivers/Caregiver.aspx?mode=create\",\"redacted\":false},\"contacts\":{\"type\":\"contact.list\",\"contacts\":[{\"type\":\"contact\",\"id\":\"667f3d333b764de39becbe53\",\"external_id\":null}]},\"first_contact_reply\":{\"created_at\":1720613541,\"type\":\"conversation\",\"url\":\"https://caringfriends.caresmartz360.com/caregivers/Caregiver.aspx?mode=create\"},\"admin_assignee_id\":5247583,\"team_assignee_id\":7431926,\"open\":true,\"state\":\"open\",\"read\":true,\"tags\":{\"type\":\"tag.list\",\"tags\":[]},\"priority\":\"not_priority\",\"sla_applied\":null,\"statistics\":{\"type\":\"conversation_statistics\",\"time_to_assignment\":3,\"time_to_admin_reply\":13,\"time_to_first_close\":null,\"time_to_last_close\":null,\"median_time_to_reply\":24,\"first_contact_reply_at\":1720613541,\"first_assignment_at\":1720613544,\"first_admin_reply_at\":1720613554,\"first_close_at\":null,\"last_assignment_at\":1720613544,\"last_assignment_admin_reply_at\":1720613554,\"last_contact_reply_at\":1720614100,\"last_admin_reply_at\":1720613803,\"last_close_at\":null,\"last_closed_by_id\":null,\"count_reopens\":0,\"count_assignments\":1,\"count_conversation_parts\":15},\"conversation_rating\":null,\"teammates\":{\"type\":\"admin.list\",\"admins\":[{\"type\":\"admin\",\"id\":\"5247583\"}]},\"title\":\"\",\"custom_attributes\":{\"Module\":\"Settings\"},\"topics\":{},\"ticket\":null,\"linked_objects\":{\"type\":\"list\",\"data\":[],\"total_count\":0,\"has_more\":false},\"ai_agent\":null,\"ai_agent_participated\":false,\"conversation_parts\":{\"type\":\"conversation_part.list\",\"conversation_parts\":[{\"type\":\"conversation_part\",\"id\":\"21905960977\",\"part_type\":\"language_detection_details\",\"body\":null,\"created_at\":1720613543,\"updated_at\":1720613543,\"notified_at\":1720613543,\"assigned_to\":null,\"author\":{\"id\":\"1949014\",\"type\":\"bot\",\"name\":\"Operator\",\"email\":\"operator+opcqxai9@intercom.io\"},\"attachments\":[],\"external_id\":null,\"redacted\":false},{\"type\":\"conversation_part\",\"id\":\"21905960978\",\"part_type\":\"default_assignment\",\"body\":null,\"created_at\":1720613544,\"updated_at\":1720613544,\"notified_at\":1720613544,\"assigned_to\":{\"type\":\"admin\",\"id\":\"5247583\"},\"author\":{\"id\":\"1949014\",\"type\":\"bot\",\"name\":\"Operator\",\"email\":\"operator+opcqxai9@intercom.io\"},\"attachments\":[],\"external_id\":null,\"redacted\":false},{\"type\":\"conversation_part\",\"id\":\"21905960979\",\"part_type\":\"channel_and_reply_time_expectation\",\"body\":\"<p>You’ll get replies here and in your email:<br>✉️ <b>jessica.beed@caringfriends.com</b></p>\\n<p>Our usual reply time<br>🕒 <b>under 2 minutes</b></p>\",\"created_at\":1720613546,\"updated_at\":1720613546,\"notified_at\":1720613546,\"assigned_to\":null,\"author\":{\"id\":\"1949014\",\"type\":\"bot\",\"name\":\"Operator\",\"email\":\"operator+opcqxai9@intercom.io\"},\"attachments\":[],\"external_id\":null,\"redacted\":false},{\"type\":\"conversation_part\",\"id\":\"21905960980\",\"part_type\":\"comment\",\"body\":\"<p>In the meantime, these articles might help:</p>\",\"created_at\":1720613548,\"updated_at\":1720613548,\"notified_at\":1720613548,\"assigned_to\":null,\"author\":{\"id\":\"1949014\",\"type\":\"bot\",\"name\":\"Operator\",\"email\":\"operator+opcqxai9@intercom.io\"},\"attachments\":[],\"external_id\":null,\"redacted\":false},{\"type\":\"conversation_part\",\"id\":\"21905960981\",\"part_type\":\"comment\",\"body\":\"<a class=\\\"intercom-interblocks-link intercom-content-link\\\" data-link-type=\\\"educate.suggestion\\\" href=\\\"https://www.intercom.help/caresmartz/en/articles/5107957-password-reset-for-caregivers-and-staff?utm_content=article_5107957\\\" target=\\\"_blank\\\" rel=\\\"noreferrer nofollow noopener\\\"><div class=\\\"intercom-interblocks-link-content-container\\\">\\n<div class=\\\"intercom-interblocks-link-title\\\">Password Reset for Caregivers and Staff.</div>\\n<div class=\\\"intercom-interblocks-link-author\\\">\\n<div class=\\\"intercom-interblocks-link-author-avatar\\\"><img class=\\\"intercom-interblocks-link-author-avatar-image\\\" src=\\\"https://static.intercomassets.com/avatars/2698636/square_50/Photo_Edited-1544042816.jpg\\\"></div>\\n<div class=\\\"intercom-interblocks-link-author-summary\\\"><span class=\\\"intercom-interblocks-link-author-name\\\">Rohan Unvi</span></div>\\n</div>\\n</div></a><a class=\\\"intercom-interblocks-link intercom-content-link\\\" data-link-type=\\\"educate.suggestion\\\" href=\\\"https://www.intercom.help/caresmartz/en/articles/1884084-password-reset?utm_content=article_1884084\\\" target=\\\"_blank\\\" rel=\\\"noreferrer nofollow noopener\\\"><div class=\\\"intercom-interblocks-link-content-container\\\">\\n<div class=\\\"intercom-interblocks-link-title\\\">Password Reset</div>\\n<div class=\\\"intercom-interblocks-link-author\\\">\\n<div class=\\\"intercom-interblocks-link-author-avatar\\\"><img class=\\\"intercom-interblocks-link-author-avatar-image\\\" src=\\\"https://static.intercomassets.com/avatars/1823711/square_50/Small_Size-1534955452.jpg\\\"></div>\\n<div class=\\\"intercom-interblocks-link-author-summary\\\"><span class=\\\"intercom-interblocks-link-author-name\\\">Ruby Mehta</span></div>\\n</div>\\n</div></a><a class=\\\"intercom-interblocks-link intercom-content-link\\\" data-link-type=\\\"educate.suggestion\\\" href=\\\"https://www.intercom.help/caresmartz/en/articles/1884092-client-assessment-and-care-plan-set-up?utm_content=article_1884092\\\" target=\\\"_blank\\\" rel=\\\"noreferrer nofollow noopener\\\"><div class=\\\"intercom-interblocks-link-content-container\\\">\\n<div class=\\\"intercom-interblocks-link-title\\\">Client Assessment and Care plan Set Up</div>\\n<div class=\\\"intercom-interblocks-link-author\\\">\\n<div class=\\\"intercom-interblocks-link-author-avatar\\\"><img class=\\\"intercom-interblocks-link-author-avatar-image\\\" src=\\\"https://static.intercomassets.com/avatars/1823711/square_50/Small_Size-1534955452.jpg\\\"></div>\\n<div class=\\\"intercom-interblocks-link-author-summary\\\"><span class=\\\"intercom-interblocks-link-author-name\\\">Ruby Mehta</span></div>\\n</div>\\n</div></a><a class=\\\"intercom-interblocks-link intercom-content-link\\\" data-link-type=\\\"educate.help_center\\\" href=\\\"https://www.intercom.help/caresmartz?conversation_id=27441251906&amp;utm_content=suggestions-fallback&amp;utm_source=operator\\\" target=\\\"_blank\\\" rel=\\\"noreferrer nofollow noopener\\\"><div class=\\\"intercom-interblocks-link-content-container\\\"><div class=\\\"intercom-interblocks-link-title\\\">More in the Help Center</div></div></a>\",\"created_at\":1720613549,\"updated_at\":1720613549,\"notified_at\":1720613549,\"assigned_to\":null,\"author\":{\"id\":\"1949014\",\"type\":\"bot\",\"name\":\"Operator\",\"email\":\"operator+opcqxai9@intercom.io\"},\"attachments\":[],\"external_id\":null,\"redacted\":false},{\"type\":\"conversation_part\",\"id\":\"21905960982\",\"part_type\":\"comment\",\"body\":\"<p class=\\\"no-margin\\\">Hello Jessica, thank you for reaching out to the CareSmartz support team</p>\",\"created_at\":1720613554,\"updated_at\":1720613554,\"notified_at\":1720613554,\"assigned_to\":null,\"author\":{\"id\":\"5247583\",\"type\":\"admin\",\"name\":\"Gary Singh\",\"email\":\"gurpartap.singh@caresmartz360.com\"},\"attachments\":[],\"external_id\":null,\"redacted\":false},{\"type\":\"conversation_part\",\"id\":\"21905960983\",\"part_type\":\"conversation_attribute_updated_by_admin\",\"body\":null,\"created_at\":1720613557,\"updated_at\":1720613557,\"notified_at\":1720613557,\"assigned_to\":null,\"author\":{\"id\":\"5247583\",\"type\":\"admin\",\"name\":\"Gary Singh\",\"email\":\"gurpartap.singh@caresmartz360.com\"},\"attachments\":[],\"external_id\":null,\"redacted\":false},{\"type\":\"conversation_part\",\"id\":\"21905960985\",\"part_type\":\"comment\",\"body\":\"<p class=\\\"no-margin\\\">Please confirm if you wish to add a user as caregiver or agency, admin user</p>\",\"created_at\":1720613575,\"updated_at\":1720613575,\"notified_at\":1720613575,\"assigned_to\":null,\"author\":{\"id\":\"5247583\",\"type\":\"admin\",\"name\":\"Gary Singh\",\"email\":\"gurpartap.singh@caresmartz360.com\"},\"attachments\":[],\"external_id\":null,\"redacted\":false},{\"type\":\"conversation_part\",\"id\":\"21905960987\",\"part_type\":\"comment\",\"body\":\"<p>caregiver</p>\",\"created_at\":1720613586,\"updated_at\":1720613586,\"notified_at\":1720613586,\"assigned_to\":null,\"author\":{\"id\":\"667f3d333b764de39becbe53\",\"type\":\"user\",\"name\":\"Jessica Beed\",\"email\":\"jessica.beed@caringfriends.com\"},\"attachments\":[],\"external_id\":null,\"redacted\":false},{\"type\":\"conversation_part\",\"id\":\"21905960997\",\"part_type\":\"comment\",\"body\":\"<p>caregiver</p>\",\"created_at\":1720613723,\"updated_at\":1720613723,\"notified_at\":1720613723,\"assigned_to\":null,\"author\":{\"id\":\"667f3d333b764de39becbe53\",\"type\":\"user\",\"name\":\"Jessica Beed\",\"email\":\"jessica.beed@caringfriends.com\"},\"attachments\":[],\"external_id\":null,\"redacted\":false},{\"type\":\"conversation_part\",\"id\":\"21905960998\",\"part_type\":\"comment\",\"body\":\"<p class=\\\"no-margin\\\">Thank you for the confirmation!</p>\\n<ul>\\n<li>Log into the system as an Agency User, Owner, or Admin.</li>\\n<li>Click Caregivers under the Caregivers menu.</li>\\n</ul>\\n<div class=\\\"intercom-container\\\"><img src=\\\"https://downloads.intercomcdn.com/i/o/80432457/f76a5a7c84e2c92675924a2e/caregiver-menu.jpg?expires=1720615500&amp;signature=47e076ae55979a9bee11f1ac7209435971306fb5a4c759cd1043a27c2769c554\\\"></div><ul>\\n<li>Click the New Caregiver button.</li>\\n</ul>\\n<div class=\\\"intercom-container\\\"><img src=\\\"https://downloads.intercomcdn.com/i/o/80432458/3edbd38c09ff78fb5d0fda4e/new-caregiver-1.jpg?expires=1720615500&amp;signature=aea343c2a96b568c329783a9508e5a9dee70319864c64ae90f203923c759654e\\\"></div><div class=\\\"intercom-container\\\"><img src=\\\"https://downloads.intercomcdn.com/i/o/80432461/71a709a9f928db65118968d0/new-caregiver-2.jpg?expires=1720615500&amp;signature=dfd7f5f3ce55dbbcc78c10a2885154639f1e224d1ae7041f14d7f12f3be1fd4f\\\"></div><div class=\\\"intercom-container\\\"><img src=\\\"https://downloads.intercomcdn.com/i/o/80432463/8012e87cb8fb3e3424b48ec7/new-caregiver-3.jpg?expires=1720615500&amp;signature=1df5a499c433133d4a3c107df39112d593c26e52c982478650db1f65def8729e\\\"></div><div class=\\\"intercom-container\\\"><img src=\\\"https://downloads.intercomcdn.com/i/o/80432467/0d5ce000575be3d9e376e8f3/new-caregiver-4.jpg?expires=1720615500&amp;signature=8fc419ec84029aabb395f0350c45e2fcbbef37215d153f6ff877c6bea7e9f2d2\\\"></div><ul>\\n<li>Enter the information in the Caregiver Details form.</li>\\n<li>Click the Save button to save the record, or the Cancel button to cancel the record.</li>\\n</ul>\\n<h2 id=\\\"h_874d348ebc\\\">Recommendations</h2>\\n<ul>\\n<li>Make sure you create a unique username for your Caregiver so that they can access the Caregiver Portal. The preferred formula for usernames is first initial, followed by last name, i.e. John Doe would be JDoe.</li>\\n<li>Also, make sure to enter a phone number so that the Caregiver can use this number for checking in or out if Clients do not have any phone number in their profile. You can do so by clicking on the Add Phone button.</li>\\n<li>Phone Type and Number are mandatory fields. If you want to allow this number to be used for time-tracking, check the box that says Time Tracking before clicking the Save button.  If you allow this, it may not be EVV-compliant.</li>\\n<li>The Caregiver’s skill (s) level can be added during this process, or later by editing the Caregiver’s profile.</li>\\n</ul>\\n<div class=\\\"intercom-container\\\"><img src=\\\"https://downloads.intercomcdn.com/i/o/80432469/0c567c4451ec516388f6a21b/skills.jpg?expires=1720615500&amp;signature=461fbf86e4201368d79b0acfbefb317909a9e1984c6ebd2595c84978ee07ae2d\\\"></div>\",\"created_at\":1720613759,\"updated_at\":1720613759,\"notified_at\":1720613759,\"assigned_to\":null,\"author\":{\"id\":\"5247583\",\"type\":\"admin\",\"name\":\"Gary Singh\",\"email\":\"gurpartap.singh@caresmartz360.com\"},\"attachments\":[],\"external_id\":null,\"redacted\":false},{\"type\":\"conversation_part\",\"id\":\"21905961003\",\"part_type\":\"comment\",\"body\":\"<p class=\\\"no-margin\\\">Here is an helpful video article to assist you with the process of adding a caregiver</p>\\n<p class=\\\"no-margin\\\"></p>\\n<p class=\\\"no-margin\\\"><a href=\\\"https://intercom.help/caresmartz/en/articles/2715014-caregiver-add-edit-and-hr\\\" rel=\\\"nofollow noopener noreferrer\\\" target=\\\"_blank\\\" class=\\\"intercom-content-link\\\">https://intercom.help/caresmartz/en/articles/2715014-caregiver-add-edit-and-hr</a></p>\",\"created_at\":1720613803,\"updated_at\":1720613803,\"notified_at\":1720613803,\"assigned_to\":null,\"author\":{\"id\":\"5247583\",\"type\":\"admin\",\"name\":\"Gary Singh\",\"email\":\"gurpartap.singh@caresmartz360.com\"},\"attachments\":[],\"external_id\":null,\"redacted\":false},{\"type\":\"conversation_part\",\"id\":\"21905961004\",\"part_type\":\"comment\",\"body\":\"<p>ok so i saved my caregiver justina johnson but now when i search for her i can’t find her</p>\",\"created_at\":1720614061,\"updated_at\":1720614061,\"notified_at\":1720614061,\"assigned_to\":null,\"author\":{\"id\":\"667f3d333b764de39becbe53\",\"type\":\"user\",\"name\":\"Jessica Beed\",\"email\":\"jessica.beed@caringfriends.com\"},\"attachments\":[],\"external_id\":null,\"redacted\":false},{\"type\":\"conversation_part\",\"id\":\"21905961005\",\"part_type\":\"comment\",\"body\":\"<p>but it says the username jjohnson already exists when i went to creat her again because i thought it didn’t save </p>\",\"created_at\":1720614100,\"updated_at\":1720614100,\"notified_at\":1720614100,\"assigned_to\":null,\"author\":{\"id\":\"667f3d333b764de39becbe53\",\"type\":\"user\",\"name\":\"Jessica Beed\",\"email\":\"jessica.beed@caringfriends.com\"},\"attachments\":[],\"external_id\":null,\"redacted\":false}],\"total_count\":14}}",
  "MetaDataValue": "{\r\n  \"Body\": \"\\u003Cp\\u003EHow do i create someone\\u2019s username for caresmartz\\u003C/p\\u003E\",\r\n  \"Admins\": [\r\n    {\r\n      \"type\": \"admin\",\r\n      \"id\": \"5247583\"\r\n    }\r\n  ]\r\n}"
}